gpu_id,gpu_name,gpu_usage,gpu_free_memory,gpu_used_memory,gpu_total_memory,gpu_temperature,gpu_uuid,cpu_usage,ram_total,ram_available,ram_used,memory_usage,datetime
0.0,Quadro T1000,0.0%,3901.0MB,10.0MB,4096.0MB,51.0 °C,GPU-2ed36c7e-fea2-01a9-2314-5efa95d5ce22,6.0%,15.44GB,4.68GB,8.70GB,69.7%,2022-04-07 15:16:13.036722
0.0,Quadro T1000,0.0%,3901.0MB,10.0MB,4096.0MB,53.0 °C,GPU-2ed36c7e-fea2-01a9-2314-5efa95d5ce22,10.3%,15.44GB,4.69GB,8.70GB,69.6%,2022-04-07 15:16:44.774953
0.0,Quadro T1000,0.0%,3901.0MB,10.0MB,4096.0MB,54.0 °C,GPU-2ed36c7e-fea2-01a9-2314-5efa95d5ce22,6.2%,15.44GB,4.74GB,8.69GB,69.3%,2022-04-07 15:17:16.490617
0.0,Quadro T1000,0.0%,3901.0MB,10.0MB,4096.0MB,55.0 °C,GPU-2ed36c7e-fea2-01a9-2314-5efa95d5ce22,25.0%,15.44GB,4.79GB,8.66GB,69.0%,2022-04-07 15:17:48.207846
0.0,Quadro T1000,0.0%,3901.0MB,10.0MB,4096.0MB,55.0 °C,GPU-2ed36c7e-fea2-01a9-2314-5efa95d5ce22,14.3%,15.44GB,4.79GB,8.66GB,69.0%,2022-04-07 15:18:19.917480
0.0,Quadro T1000,0.0%,3901.0MB,10.0MB,4096.0MB,56.0 °C,GPU-2ed36c7e-fea2-01a9-2314-5efa95d5ce22,8.6%,15.44GB,4.78GB,8.67GB,69.0%,2022-04-07 15:18:51.624824
0.0,Quadro T1000,0.0%,3901.0MB,10.0MB,4096.0MB,58.0 °C,GPU-2ed36c7e-fea2-01a9-2314-5efa95d5ce22,10.8%,15.44GB,4.76GB,8.67GB,69.1%,2022-04-07 15:19:23.342322
0.0,Quadro T1000,0.0%,3901.0MB,10.0MB,4096.0MB,58.0 °C,GPU-2ed36c7e-fea2-01a9-2314-5efa95d5ce22,13.6%,15.44GB,4.75GB,8.67GB,69.3%,2022-04-07 15:19:55.088284
0.0,Quadro T1000,0.0%,3901.0MB,10.0MB,4096.0MB,56.0 °C,GPU-2ed36c7e-fea2-01a9-2314-5efa95d5ce22,13.6%,15.44GB,4.63GB,8.81GB,70.0%,2022-04-07 15:20:27.085678
0.0,Quadro T1000,0.0%,3901.0MB,10.0MB,4096.0MB,54.0 °C,GPU-2ed36c7e-fea2-01a9-2314-5efa95d5ce22,0.0%,15.44GB,4.59GB,8.84GB,70.3%,2022-04-07 15:20:58.842584
0.0,Quadro T1000,0.0%,3901.0MB,10.0MB,4096.0MB,54.0 °C,GPU-2ed36c7e-fea2-01a9-2314-5efa95d5ce22,16.3%,15.44GB,4.29GB,9.06GB,72.2%,2022-04-07 15:21:30.541982
0.0,Quadro T1000,0.0%,3901.0MB,10.0MB,4096.0MB,57.0 °C,GPU-2ed36c7e-fea2-01a9-2314-5efa95d5ce22,0.0%,15.44GB,4.36GB,9.01GB,71.8%,2022-04-07 15:22:02.295135
0.0,Quadro T1000,0.0%,3901.0MB,10.0MB,4096.0MB,55.0 °C,GPU-2ed36c7e-fea2-01a9-2314-5efa95d5ce22,11.3%,15.44GB,4.34GB,9.01GB,71.9%,2022-04-07 15:22:34.042160
0.0,Quadro T1000,0.0%,3901.0MB,10.0MB,4096.0MB,56.0 °C,GPU-2ed36c7e-fea2-01a9-2314-5efa95d5ce22,0.0%,15.44GB,4.37GB,9.01GB,71.7%,2022-04-07 15:23:05.777344
0.0,Quadro T1000,0.0%,3901.0MB,10.0MB,4096.0MB,57.0 °C,GPU-2ed36c7e-fea2-01a9-2314-5efa95d5ce22,9.0%,15.44GB,4.36GB,9.01GB,71.7%,2022-04-07 15:23:37.513637
0.0,Quadro T1000,0.0%,3901.0MB,10.0MB,4096.0MB,56.0 °C,GPU-2ed36c7e-fea2-01a9-2314-5efa95d5ce22,7.5%,15.44GB,4.37GB,9.00GB,71.7%,2022-04-07 15:24:09.224302
0.0,Quadro T1000,0.0%,3901.0MB,10.0MB,4096.0MB,56.0 °C,GPU-2ed36c7e-fea2-01a9-2314-5efa95d5ce22,0.0%,15.44GB,4.39GB,8.98GB,71.6%,2022-04-07 15:24:40.939469
0.0,Quadro T1000,0.0%,3901.0MB,10.0MB,4096.0MB,57.0 °C,GPU-2ed36c7e-fea2-01a9-2314-5efa95d5ce22,7.0%,15.44GB,4.38GB,9.00GB,71.7%,2022-04-07 15:25:12.685370
0.0,Quadro T1000,0.0%,3901.0MB,10.0MB,4096.0MB,57.0 °C,GPU-2ed36c7e-fea2-01a9-2314-5efa95d5ce22,0.0%,15.44GB,4.40GB,8.98GB,71.5%,2022-04-07 15:25:44.426125
0.0,Quadro T1000,0.0%,3901.0MB,10.0MB,4096.0MB,58.0 °C,GPU-2ed36c7e-fea2-01a9-2314-5efa95d5ce22,7.4%,15.44GB,4.40GB,8.97GB,71.5%,2022-04-07 15:26:16.134611
0.0,Quadro T1000,0.0%,3901.0MB,10.0MB,4096.0MB,58.0 °C,GPU-2ed36c7e-fea2-01a9-2314-5efa95d5ce22,50.0%,15.44GB,4.32GB,9.05GB,72.0%,2022-04-07 15:26:47.890980
0.0,Quadro T1000,0.0%,3901.0MB,10.0MB,4096.0MB,55.0 °C,GPU-2ed36c7e-fea2-01a9-2314-5efa95d5ce22,8.3%,15.44GB,4.29GB,9.11GB,72.2%,2022-04-07 15:27:19.627390
0.0,Quadro T1000,0.0%,3901.0MB,10.0MB,4096.0MB,56.0 °C,GPU-2ed36c7e-fea2-01a9-2314-5efa95d5ce22,0.0%,15.44GB,4.36GB,9.03GB,71.8%,2022-04-07 15:27:51.373341
0.0,Quadro T1000,0.0%,3901.0MB,10.0MB,4096.0MB,57.0 °C,GPU-2ed36c7e-fea2-01a9-2314-5efa95d5ce22,16.7%,15.44GB,4.37GB,9.03GB,71.7%,2022-04-07 15:28:23.120887
0.0,Quadro T1000,0.0%,3901.0MB,10.0MB,4096.0MB,58.0 °C,GPU-2ed36c7e-fea2-01a9-2314-5efa95d5ce22,7.3%,15.44GB,4.37GB,9.03GB,71.7%,2022-04-07 15:28:54.826406
0.0,Quadro T1000,0.0%,3901.0MB,10.0MB,4096.0MB,57.0 °C,GPU-2ed36c7e-fea2-01a9-2314-5efa95d5ce22,7.5%,15.44GB,4.36GB,9.04GB,71.8%,2022-04-07 15:29:26.570382
0.0,Quadro T1000,0.0%,3901.0MB,10.0MB,4096.0MB,55.0 °C,GPU-2ed36c7e-fea2-01a9-2314-5efa95d5ce22,7.7%,15.44GB,4.34GB,9.04GB,71.9%,2022-04-07 15:29:58.319772
0.0,Quadro T1000,0.0%,3901.0MB,10.0MB,4096.0MB,56.0 °C,GPU-2ed36c7e-fea2-01a9-2314-5efa95d5ce22,0.0%,15.44GB,4.34GB,9.04GB,71.9%,2022-04-07 15:30:30.060100
0.0,Quadro T1000,0.0%,3901.0MB,10.0MB,4096.0MB,57.0 °C,GPU-2ed36c7e-fea2-01a9-2314-5efa95d5ce22,10.8%,15.44GB,4.28GB,9.08GB,72.3%,2022-04-07 15:31:01.808794
0.0,Quadro T1000,0.0%,3901.0MB,10.0MB,4096.0MB,55.0 °C,GPU-2ed36c7e-fea2-01a9-2314-5efa95d5ce22,16.6%,15.44GB,4.22GB,9.14GB,72.7%,2022-04-07 15:31:33.550909
0.0,Quadro T1000,0.0%,3901.0MB,10.0MB,4096.0MB,53.0 °C,GPU-2ed36c7e-fea2-01a9-2314-5efa95d5ce22,13.8%,15.44GB,4.21GB,9.14GB,72.7%,2022-04-07 15:32:05.294328
0.0,Quadro T1000,0.0%,3901.0MB,10.0MB,4096.0MB,53.0 °C,GPU-2ed36c7e-fea2-01a9-2314-5efa95d5ce22,12.2%,15.44GB,4.17GB,9.18GB,73.0%,2022-04-07 15:32:37.043778
0.0,Quadro T1000,0.0%,3901.0MB,10.0MB,4096.0MB,53.0 °C,GPU-2ed36c7e-fea2-01a9-2314-5efa95d5ce22,0.0%,15.44GB,4.08GB,9.23GB,73.5%,2022-04-07 15:33:08.777539
0.0,Quadro T1000,0.0%,3901.0MB,10.0MB,4096.0MB,53.0 °C,GPU-2ed36c7e-fea2-01a9-2314-5efa95d5ce22,0.0%,15.44GB,4.21GB,9.14GB,72.8%,2022-04-07 15:33:40.530131
0.0,Quadro T1000,0.0%,3901.0MB,10.0MB,4096.0MB,54.0 °C,GPU-2ed36c7e-fea2-01a9-2314-5efa95d5ce22,0.0%,15.44GB,4.27GB,9.10GB,72.4%,2022-04-07 15:34:12.274544
0.0,Quadro T1000,0.0%,3901.0MB,10.0MB,4096.0MB,55.0 °C,GPU-2ed36c7e-fea2-01a9-2314-5efa95d5ce22,8.2%,15.44GB,4.29GB,9.10GB,72.2%,2022-04-07 15:34:44.013562
0.0,Quadro T1000,0.0%,3901.0MB,10.0MB,4096.0MB,58.0 °C,GPU-2ed36c7e-fea2-01a9-2314-5efa95d5ce22,16.4%,15.44GB,4.11GB,9.18GB,73.4%,2022-04-07 15:35:15.742889
0.0,Quadro T1000,0.0%,3901.0MB,10.0MB,4096.0MB,54.0 °C,GPU-2ed36c7e-fea2-01a9-2314-5efa95d5ce22,13.8%,15.44GB,4.07GB,9.23GB,73.7%,2022-04-07 15:35:47.474099
0.0,Quadro T1000,0.0%,3901.0MB,10.0MB,4096.0MB,52.0 °C,GPU-2ed36c7e-fea2-01a9-2314-5efa95d5ce22,9.3%,15.44GB,4.12GB,9.23GB,73.3%,2022-04-07 15:36:19.213269
0.0,Quadro T1000,0.0%,3901.0MB,10.0MB,4096.0MB,51.0 °C,GPU-2ed36c7e-fea2-01a9-2314-5efa95d5ce22,9.4%,15.44GB,4.16GB,9.20GB,73.0%,2022-04-07 15:36:50.955100
0.0,Quadro T1000,0.0%,3901.0MB,10.0MB,4096.0MB,51.0 °C,GPU-2ed36c7e-fea2-01a9-2314-5efa95d5ce22,100.0%,15.44GB,4.19GB,9.20GB,72.9%,2022-04-07 15:37:22.715070
0.0,Quadro T1000,0.0%,3901.0MB,10.0MB,4096.0MB,53.0 °C,GPU-2ed36c7e-fea2-01a9-2314-5efa95d5ce22,0.0%,15.44GB,4.21GB,9.18GB,72.8%,2022-04-07 15:37:54.445292
0.0,Quadro T1000,0.0%,3901.0MB,10.0MB,4096.0MB,54.0 °C,GPU-2ed36c7e-fea2-01a9-2314-5efa95d5ce22,10.4%,15.44GB,4.46GB,8.91GB,71.1%,2022-04-07 15:38:26.196491
0.0,Quadro T1000,0.0%,3901.0MB,10.0MB,4096.0MB,54.0 °C,GPU-2ed36c7e-fea2-01a9-2314-5efa95d5ce22,20.4%,15.44GB,4.07GB,9.26GB,73.6%,2022-04-07 15:38:57.951052
0.0,Quadro T1000,0.0%,3901.0MB,10.0MB,4096.0MB,55.0 °C,GPU-2ed36c7e-fea2-01a9-2314-5efa95d5ce22,22.1%,15.44GB,4.01GB,9.31GB,74.0%,2022-04-07 15:39:29.712873
0.0,Quadro T1000,0.0%,3901.0MB,10.0MB,4096.0MB,57.0 °C,GPU-2ed36c7e-fea2-01a9-2314-5efa95d5ce22,0.0%,15.44GB,4.04GB,9.29GB,73.8%,2022-04-07 15:40:01.461446
0.0,Quadro T1000,0.0%,3901.0MB,10.0MB,4096.0MB,55.0 °C,GPU-2ed36c7e-fea2-01a9-2314-5efa95d5ce22,40.0%,15.44GB,4.05GB,9.29GB,73.8%,2022-04-07 15:40:33.206869
0.0,Quadro T1000,0.0%,3901.0MB,10.0MB,4096.0MB,55.0 °C,GPU-2ed36c7e-fea2-01a9-2314-5efa95d5ce22,15.1%,15.44GB,4.05GB,9.29GB,73.7%,2022-04-07 15:41:04.942371
0.0,Quadro T1000,0.0%,3901.0MB,10.0MB,4096.0MB,56.0 °C,GPU-2ed36c7e-fea2-01a9-2314-5efa95d5ce22,25.0%,15.44GB,4.09GB,9.26GB,73.5%,2022-04-07 15:41:36.696425
0.0,Quadro T1000,0.0%,3901.0MB,10.0MB,4096.0MB,58.0 °C,GPU-2ed36c7e-fea2-01a9-2314-5efa95d5ce22,0.0%,15.44GB,4.09GB,9.26GB,73.5%,2022-04-07 15:42:08.433671
0.0,Quadro T1000,0.0%,3901.0MB,10.0MB,4096.0MB,57.0 °C,GPU-2ed36c7e-fea2-01a9-2314-5efa95d5ce22,14.9%,15.44GB,4.09GB,9.26GB,73.5%,2022-04-07 15:42:40.174320
0.0,Quadro T1000,0.0%,3901.0MB,10.0MB,4096.0MB,54.0 °C,GPU-2ed36c7e-fea2-01a9-2314-5efa95d5ce22,14.6%,15.44GB,4.10GB,9.26GB,73.5%,2022-04-07 15:43:11.925194
0.0,Quadro T1000,0.0%,3901.0MB,10.0MB,4096.0MB,56.0 °C,GPU-2ed36c7e-fea2-01a9-2314-5efa95d5ce22,14.5%,15.44GB,4.09GB,9.26GB,73.5%,2022-04-07 15:43:43.664778
0.0,Quadro T1000,0.0%,3901.0MB,10.0MB,4096.0MB,57.0 °C,GPU-2ed36c7e-fea2-01a9-2314-5efa95d5ce22,50.0%,15.44GB,4.07GB,9.29GB,73.6%,2022-04-07 15:44:15.408224
0.0,Quadro T1000,0.0%,3901.0MB,10.0MB,4096.0MB,57.0 °C,GPU-2ed36c7e-fea2-01a9-2314-5efa95d5ce22,0.0%,15.44GB,4.08GB,9.27GB,73.6%,2022-04-07 15:44:47.160179
0.0,Quadro T1000,0.0%,3901.0MB,10.0MB,4096.0MB,55.0 °C,GPU-2ed36c7e-fea2-01a9-2314-5efa95d5ce22,14.5%,15.44GB,4.11GB,9.25GB,73.4%,2022-04-07 15:45:18.893506
0.0,Quadro T1000,0.0%,3901.0MB,10.0MB,4096.0MB,56.0 °C,GPU-2ed36c7e-fea2-01a9-2314-5efa95d5ce22,14.5%,15.44GB,4.12GB,9.24GB,73.3%,2022-04-07 15:45:50.638232
0.0,Quadro T1000,0.0%,3901.0MB,10.0MB,4096.0MB,58.0 °C,GPU-2ed36c7e-fea2-01a9-2314-5efa95d5ce22,0.0%,15.44GB,4.14GB,9.22GB,73.2%,2022-04-07 15:46:22.385496
0.0,Quadro T1000,0.0%,3901.0MB,10.0MB,4096.0MB,57.0 °C,GPU-2ed36c7e-fea2-01a9-2314-5efa95d5ce22,14.5%,15.44GB,4.14GB,9.22GB,73.2%,2022-04-07 15:46:54.134236
0.0,Quadro T1000,0.0%,3901.0MB,10.0MB,4096.0MB,55.0 °C,GPU-2ed36c7e-fea2-01a9-2314-5efa95d5ce22,0.0%,15.44GB,4.12GB,9.24GB,73.3%,2022-04-07 15:47:25.872078
0.0,Quadro T1000,0.0%,3901.0MB,10.0MB,4096.0MB,57.0 °C,GPU-2ed36c7e-fea2-01a9-2314-5efa95d5ce22,14.7%,15.44GB,4.13GB,9.23GB,73.2%,2022-04-07 15:47:57.613177
0.0,Quadro T1000,0.0%,3901.0MB,10.0MB,4096.0MB,58.0 °C,GPU-2ed36c7e-fea2-01a9-2314-5efa95d5ce22,33.3%,15.44GB,4.13GB,9.23GB,73.3%,2022-04-07 15:48:29.367898
0.0,Quadro T1000,0.0%,3901.0MB,10.0MB,4096.0MB,57.0 °C,GPU-2ed36c7e-fea2-01a9-2314-5efa95d5ce22,14.4%,15.44GB,4.10GB,9.25GB,73.4%,2022-04-07 15:49:01.102564
0.0,Quadro T1000,0.0%,3901.0MB,10.0MB,4096.0MB,54.0 °C,GPU-2ed36c7e-fea2-01a9-2314-5efa95d5ce22,14.7%,15.44GB,4.11GB,9.24GB,73.4%,2022-04-07 15:49:32.849972
0.0,Quadro T1000,0.0%,3901.0MB,10.0MB,4096.0MB,56.0 °C,GPU-2ed36c7e-fea2-01a9-2314-5efa95d5ce22,14.6%,15.44GB,4.13GB,9.23GB,73.3%,2022-04-07 15:50:04.591218
0.0,Quadro T1000,0.0%,3901.0MB,10.0MB,4096.0MB,57.0 °C,GPU-2ed36c7e-fea2-01a9-2314-5efa95d5ce22,14.4%,15.44GB,4.12GB,9.24GB,73.3%,2022-04-07 15:50:36.352840
0.0,Quadro T1000,0.0%,3901.0MB,10.0MB,4096.0MB,58.0 °C,GPU-2ed36c7e-fea2-01a9-2314-5efa95d5ce22,0.0%,15.44GB,4.12GB,9.24GB,73.3%,2022-04-07 15:51:08.082520
0.0,Quadro T1000,0.0%,3901.0MB,10.0MB,4096.0MB,55.0 °C,GPU-2ed36c7e-fea2-01a9-2314-5efa95d5ce22,16.5%,15.44GB,4.08GB,9.25GB,73.6%,2022-04-07 15:51:39.832773
0.0,Quadro T1000,0.0%,3901.0MB,10.0MB,4096.0MB,56.0 °C,GPU-2ed36c7e-fea2-01a9-2314-5efa95d5ce22,15.6%,15.44GB,4.12GB,9.24GB,73.3%,2022-04-07 15:52:11.571539
0.0,Quadro T1000,0.0%,3901.0MB,10.0MB,4096.0MB,57.0 °C,GPU-2ed36c7e-fea2-01a9-2314-5efa95d5ce22,15.9%,15.44GB,4.11GB,9.24GB,73.4%,2022-04-07 15:52:43.320764
0.0,Quadro T1000,0.0%,3901.0MB,10.0MB,4096.0MB,57.0 °C,GPU-2ed36c7e-fea2-01a9-2314-5efa95d5ce22,17.2%,15.44GB,4.11GB,9.24GB,73.3%,2022-04-07 15:53:15.065551
0.0,Quadro T1000,0.0%,3901.0MB,10.0MB,4096.0MB,55.0 °C,GPU-2ed36c7e-fea2-01a9-2314-5efa95d5ce22,33.1%,15.44GB,3.43GB,9.88GB,77.8%,2022-04-07 15:53:46.809502
0.0,Quadro T1000,0.0%,3901.0MB,10.0MB,4096.0MB,53.0 °C,GPU-2ed36c7e-fea2-01a9-2314-5efa95d5ce22,26.5%,15.44GB,3.40GB,9.91GB,78.0%,2022-04-07 15:54:18.625901
0.0,Quadro T1000,0.0%,3901.0MB,10.0MB,4096.0MB,56.0 °C,GPU-2ed36c7e-fea2-01a9-2314-5efa95d5ce22,26.1%,15.44GB,3.48GB,9.83GB,77.5%,2022-04-07 15:54:50.363955
0.0,Quadro T1000,0.0%,3901.0MB,10.0MB,4096.0MB,57.0 °C,GPU-2ed36c7e-fea2-01a9-2314-5efa95d5ce22,24.0%,15.44GB,3.47GB,9.85GB,77.5%,2022-04-07 15:55:22.100173
0.0,Quadro T1000,0.0%,3901.0MB,10.0MB,4096.0MB,55.0 °C,GPU-2ed36c7e-fea2-01a9-2314-5efa95d5ce22,19.7%,15.44GB,3.50GB,9.86GB,77.3%,2022-04-07 15:55:53.838679
0.0,Quadro T1000,0.0%,3901.0MB,10.0MB,4096.0MB,55.0 °C,GPU-2ed36c7e-fea2-01a9-2314-5efa95d5ce22,0.0%,15.44GB,3.55GB,9.83GB,77.0%,2022-04-07 15:56:25.585566
0.0,Quadro T1000,0.0%,3901.0MB,10.0MB,4096.0MB,56.0 °C,GPU-2ed36c7e-fea2-01a9-2314-5efa95d5ce22,14.6%,15.44GB,3.54GB,9.85GB,77.1%,2022-04-07 15:56:57.328113
0.0,Quadro T1000,0.0%,3901.0MB,10.0MB,4096.0MB,58.0 °C,GPU-2ed36c7e-fea2-01a9-2314-5efa95d5ce22,0.0%,15.44GB,3.56GB,9.82GB,76.9%,2022-04-07 15:57:29.075630
0.0,Quadro T1000,0.0%,3901.0MB,10.0MB,4096.0MB,56.0 °C,GPU-2ed36c7e-fea2-01a9-2314-5efa95d5ce22,14.6%,15.44GB,3.52GB,9.87GB,77.2%,2022-04-07 15:58:00.783325
0.0,Quadro T1000,0.0%,3901.0MB,10.0MB,4096.0MB,55.0 °C,GPU-2ed36c7e-fea2-01a9-2314-5efa95d5ce22,16.8%,15.44GB,3.48GB,9.82GB,77.4%,2022-04-07 15:58:32.529736
0.0,Quadro T1000,0.0%,3901.0MB,10.0MB,4096.0MB,57.0 °C,GPU-2ed36c7e-fea2-01a9-2314-5efa95d5ce22,15.6%,15.44GB,4.06GB,9.37GB,73.7%,2022-04-07 15:59:04.271929
0.0,Quadro T1000,0.0%,3901.0MB,10.0MB,4096.0MB,57.0 °C,GPU-2ed36c7e-fea2-01a9-2314-5efa95d5ce22,15.4%,15.44GB,4.04GB,9.40GB,73.8%,2022-04-07 15:59:36.019340
0.0,Quadro T1000,0.0%,3901.0MB,10.0MB,4096.0MB,55.0 °C,GPU-2ed36c7e-fea2-01a9-2314-5efa95d5ce22,12.5%,15.44GB,4.18GB,9.24GB,72.9%,2022-04-07 16:00:07.761961
0.0,Quadro T1000,0.0%,3901.0MB,10.0MB,4096.0MB,57.0 °C,GPU-2ed36c7e-fea2-01a9-2314-5efa95d5ce22,14.3%,15.44GB,4.15GB,9.26GB,73.1%,2022-04-07 16:00:39.511139
0.0,Quadro T1000,0.0%,3901.0MB,10.0MB,4096.0MB,57.0 °C,GPU-2ed36c7e-fea2-01a9-2314-5efa95d5ce22,9.1%,15.44GB,4.37GB,9.07GB,71.7%,2022-04-07 16:01:11.241298
0.0,Quadro T1000,0.0%,3901.0MB,10.0MB,4096.0MB,56.0 °C,GPU-2ed36c7e-fea2-01a9-2314-5efa95d5ce22,0.0%,15.44GB,4.39GB,9.06GB,71.6%,2022-04-07 16:01:43.120234
0.0,Quadro T1000,0.0%,3901.0MB,10.0MB,4096.0MB,57.0 °C,GPU-2ed36c7e-fea2-01a9-2314-5efa95d5ce22,8.8%,15.44GB,4.38GB,9.08GB,71.6%,2022-04-07 16:02:14.859479
0.0,Quadro T1000,0.0%,3901.0MB,10.0MB,4096.0MB,57.0 °C,GPU-2ed36c7e-fea2-01a9-2314-5efa95d5ce22,7.3%,15.44GB,4.40GB,9.06GB,71.5%,2022-04-07 16:02:46.606633
0.0,Quadro T1000,0.0%,3901.0MB,10.0MB,4096.0MB,57.0 °C,GPU-2ed36c7e-fea2-01a9-2314-5efa95d5ce22,7.3%,15.44GB,4.40GB,9.06GB,71.5%,2022-04-07 16:03:18.317764
0.0,Quadro T1000,0.0%,3901.0MB,10.0MB,4096.0MB,56.0 °C,GPU-2ed36c7e-fea2-01a9-2314-5efa95d5ce22,6.7%,15.44GB,4.39GB,9.07GB,71.6%,2022-04-07 16:03:50.032497
0.0,Quadro T1000,0.0%,3901.0MB,10.0MB,4096.0MB,57.0 °C,GPU-2ed36c7e-fea2-01a9-2314-5efa95d5ce22,0.0%,15.44GB,4.32GB,9.15GB,72.0%,2022-04-07 16:04:21.774591
0.0,Quadro T1000,0.0%,3901.0MB,10.0MB,4096.0MB,56.0 °C,GPU-2ed36c7e-fea2-01a9-2314-5efa95d5ce22,0.0%,15.44GB,4.34GB,9.13GB,71.9%,2022-04-07 16:04:53.488471
0.0,Quadro T1000,0.0%,3901.0MB,10.0MB,4096.0MB,53.0 °C,GPU-2ed36c7e-fea2-01a9-2314-5efa95d5ce22,50.0%,15.44GB,4.34GB,9.13GB,71.9%,2022-04-07 16:05:25.229188
0.0,Quadro T1000,0.0%,3901.0MB,10.0MB,4096.0MB,52.0 °C,GPU-2ed36c7e-fea2-01a9-2314-5efa95d5ce22,8.2%,15.44GB,4.36GB,9.11GB,71.8%,2022-04-07 16:05:56.940386
0.0,Quadro T1000,0.0%,3901.0MB,10.0MB,4096.0MB,51.0 °C,GPU-2ed36c7e-fea2-01a9-2314-5efa95d5ce22,9.3%,15.44GB,4.35GB,9.09GB,71.8%,2022-04-07 16:06:28.654946
0.0,Quadro T1000,0.0%,3901.0MB,10.0MB,4096.0MB,51.0 °C,GPU-2ed36c7e-fea2-01a9-2314-5efa95d5ce22,7.4%,15.44GB,4.35GB,9.05GB,71.8%,2022-04-07 16:07:00.391255
0.0,Quadro T1000,0.0%,3901.0MB,10.0MB,4096.0MB,54.0 °C,GPU-2ed36c7e-fea2-01a9-2314-5efa95d5ce22,10.6%,15.44GB,4.20GB,9.20GB,72.8%,2022-04-07 16:07:32.107958
0.0,Quadro T1000,0.0%,3901.0MB,10.0MB,4096.0MB,55.0 °C,GPU-2ed36c7e-fea2-01a9-2314-5efa95d5ce22,0.0%,15.44GB,4.24GB,9.16GB,72.6%,2022-04-07 16:08:03.820783
0.0,Quadro T1000,0.0%,3901.0MB,10.0MB,4096.0MB,59.0 °C,GPU-2ed36c7e-fea2-01a9-2314-5efa95d5ce22,12.3%,15.44GB,4.01GB,9.21GB,74.1%,2022-04-07 16:08:35.534696
0.0,Quadro T1000,0.0%,3901.0MB,10.0MB,4096.0MB,51.0 °C,GPU-2ed36c7e-fea2-01a9-2314-5efa95d5ce22,0.0%,15.44GB,3.96GB,9.21GB,74.3%,2022-04-07 16:09:07.286304
0.0,Quadro T1000,0.0%,3901.0MB,10.0MB,4096.0MB,53.0 °C,GPU-2ed36c7e-fea2-01a9-2314-5efa95d5ce22,6.2%,15.44GB,4.11GB,9.17GB,73.4%,2022-04-07 16:09:39.014494
0.0,Quadro T1000,0.0%,3901.0MB,10.0MB,4096.0MB,54.0 °C,GPU-2ed36c7e-fea2-01a9-2314-5efa95d5ce22,5.2%,15.44GB,4.11GB,9.17GB,73.4%,2022-04-07 16:10:10.729972
0.0,Quadro T1000,0.0%,3901.0MB,10.0MB,4096.0MB,55.0 °C,GPU-2ed36c7e-fea2-01a9-2314-5efa95d5ce22,0.0%,15.44GB,4.11GB,9.17GB,73.4%,2022-04-07 16:10:42.442290
0.0,Quadro T1000,0.0%,3901.0MB,10.0MB,4096.0MB,56.0 °C,GPU-2ed36c7e-fea2-01a9-2314-5efa95d5ce22,5.2%,15.44GB,4.11GB,9.17GB,73.4%,2022-04-07 16:11:14.184275
0.0,Quadro T1000,0.0%,3901.0MB,10.0MB,4096.0MB,56.0 °C,GPU-2ed36c7e-fea2-01a9-2314-5efa95d5ce22,0.0%,15.44GB,4.10GB,9.18GB,73.5%,2022-04-07 16:11:45.898303
0.0,Quadro T1000,0.0%,3901.0MB,10.0MB,4096.0MB,57.0 °C,GPU-2ed36c7e-fea2-01a9-2314-5efa95d5ce22,5.2%,15.44GB,4.11GB,9.17GB,73.4%,2022-04-07 16:12:17.607458
0.0,Quadro T1000,0.0%,3901.0MB,10.0MB,4096.0MB,57.0 °C,GPU-2ed36c7e-fea2-01a9-2314-5efa95d5ce22,5.2%,15.44GB,4.15GB,9.14GB,73.1%,2022-04-07 16:12:49.319459
0.0,Quadro T1000,0.0%,3901.0MB,10.0MB,4096.0MB,58.0 °C,GPU-2ed36c7e-fea2-01a9-2314-5efa95d5ce22,0.0%,15.44GB,4.14GB,9.14GB,73.2%,2022-04-07 16:13:21.063813
0.0,Quadro T1000,0.0%,3901.0MB,10.0MB,4096.0MB,58.0 °C,GPU-2ed36c7e-fea2-01a9-2314-5efa95d5ce22,22.2%,15.44GB,4.14GB,9.14GB,73.2%,2022-04-07 16:13:52.788895
0.0,Quadro T1000,0.0%,3901.0MB,10.0MB,4096.0MB,58.0 °C,GPU-2ed36c7e-fea2-01a9-2314-5efa95d5ce22,5.2%,15.44GB,4.13GB,9.16GB,73.2%,2022-04-07 16:14:24.487154
0.0,Quadro T1000,0.0%,3901.0MB,10.0MB,4096.0MB,57.0 °C,GPU-2ed36c7e-fea2-01a9-2314-5efa95d5ce22,0.0%,15.44GB,4.14GB,9.15GB,73.2%,2022-04-07 16:14:56.229847
0.0,Quadro T1000,0.0%,3901.0MB,10.0MB,4096.0MB,57.0 °C,GPU-2ed36c7e-fea2-01a9-2314-5efa95d5ce22,25.0%,15.44GB,4.29GB,9.00GB,72.2%,2022-04-07 16:15:27.978626
0.0,Quadro T1000,0.0%,3901.0MB,10.0MB,4096.0MB,58.0 °C,GPU-2ed36c7e-fea2-01a9-2314-5efa95d5ce22,5.5%,15.44GB,4.29GB,9.00GB,72.2%,2022-04-07 16:15:59.693274
0.0,Quadro T1000,0.0%,3901.0MB,10.0MB,4096.0MB,58.0 °C,GPU-2ed36c7e-fea2-01a9-2314-5efa95d5ce22,5.1%,15.44GB,4.28GB,9.01GB,72.3%,2022-04-07 16:16:31.431336
0.0,Quadro T1000,0.0%,3901.0MB,10.0MB,4096.0MB,57.0 °C,GPU-2ed36c7e-fea2-01a9-2314-5efa95d5ce22,5.1%,15.44GB,4.27GB,9.02GB,72.4%,2022-04-07 16:17:03.150272
0.0,Quadro T1000,0.0%,3901.0MB,10.0MB,4096.0MB,57.0 °C,GPU-2ed36c7e-fea2-01a9-2314-5efa95d5ce22,16.7%,15.44GB,4.28GB,9.01GB,72.3%,2022-04-07 16:17:34.894955
0.0,Quadro T1000,0.0%,3901.0MB,10.0MB,4096.0MB,58.0 °C,GPU-2ed36c7e-fea2-01a9-2314-5efa95d5ce22,5.8%,15.44GB,4.27GB,9.01GB,72.3%,2022-04-07 16:18:06.599479
0.0,Quadro T1000,0.0%,3901.0MB,10.0MB,4096.0MB,58.0 °C,GPU-2ed36c7e-fea2-01a9-2314-5efa95d5ce22,6.3%,15.44GB,4.30GB,9.01GB,72.1%,2022-04-07 16:18:38.315390
0.0,Quadro T1000,0.0%,3901.0MB,10.0MB,4096.0MB,56.0 °C,GPU-2ed36c7e-fea2-01a9-2314-5efa95d5ce22,5.9%,15.44GB,4.29GB,9.03GB,72.2%,2022-04-07 16:19:10.054245
0.0,Quadro T1000,0.0%,3901.0MB,10.0MB,4096.0MB,57.0 °C,GPU-2ed36c7e-fea2-01a9-2314-5efa95d5ce22,0.0%,15.44GB,4.28GB,9.03GB,72.3%,2022-04-07 16:19:41.772413
0.0,Quadro T1000,0.0%,3901.0MB,10.0MB,4096.0MB,57.0 °C,GPU-2ed36c7e-fea2-01a9-2314-5efa95d5ce22,5.3%,15.44GB,4.30GB,9.01GB,72.1%,2022-04-07 16:20:13.512950
0.0,Quadro T1000,0.0%,3901.0MB,10.0MB,4096.0MB,58.0 °C,GPU-2ed36c7e-fea2-01a9-2314-5efa95d5ce22,0.0%,15.44GB,4.30GB,9.02GB,72.2%,2022-04-07 16:20:45.222506
0.0,Quadro T1000,0.0%,3901.0MB,10.0MB,4096.0MB,58.0 °C,GPU-2ed36c7e-fea2-01a9-2314-5efa95d5ce22,5.2%,15.44GB,4.30GB,9.01GB,72.1%,2022-04-07 16:21:16.933471
0.0,Quadro T1000,0.0%,3901.0MB,10.0MB,4096.0MB,57.0 °C,GPU-2ed36c7e-fea2-01a9-2314-5efa95d5ce22,5.5%,15.44GB,4.32GB,9.01GB,72.0%,2022-04-07 16:21:48.653765
0.0,Quadro T1000,0.0%,3901.0MB,10.0MB,4096.0MB,55.0 °C,GPU-2ed36c7e-fea2-01a9-2314-5efa95d5ce22,5.1%,15.44GB,4.31GB,9.01GB,72.1%,2022-04-07 16:22:20.361840
0.0,Quadro T1000,0.0%,3901.0MB,10.0MB,4096.0MB,56.0 °C,GPU-2ed36c7e-fea2-01a9-2314-5efa95d5ce22,5.1%,15.44GB,4.30GB,9.02GB,72.1%,2022-04-07 16:22:52.076212
0.0,Quadro T1000,0.0%,3901.0MB,10.0MB,4096.0MB,57.0 °C,GPU-2ed36c7e-fea2-01a9-2314-5efa95d5ce22,5.1%,15.44GB,4.32GB,9.02GB,72.0%,2022-04-07 16:23:23.783826
0.0,Quadro T1000,0.0%,3901.0MB,10.0MB,4096.0MB,57.0 °C,GPU-2ed36c7e-fea2-01a9-2314-5efa95d5ce22,5.2%,15.44GB,4.32GB,9.02GB,72.0%,2022-04-07 16:23:55.486183
0.0,Quadro T1000,0.0%,3901.0MB,10.0MB,4096.0MB,58.0 °C,GPU-2ed36c7e-fea2-01a9-2314-5efa95d5ce22,5.1%,15.44GB,4.30GB,9.04GB,72.2%,2022-04-07 16:24:27.175161
0.0,Quadro T1000,0.0%,3901.0MB,10.0MB,4096.0MB,58.0 °C,GPU-2ed36c7e-fea2-01a9-2314-5efa95d5ce22,0.0%,15.44GB,4.32GB,9.02GB,72.0%,2022-04-07 16:24:58.889966
0.0,Quadro T1000,0.0%,3901.0MB,10.0MB,4096.0MB,58.0 °C,GPU-2ed36c7e-fea2-01a9-2314-5efa95d5ce22,5.3%,15.44GB,4.31GB,9.03GB,72.1%,2022-04-07 16:25:30.627933
0.0,Quadro T1000,0.0%,3901.0MB,10.0MB,4096.0MB,57.0 °C,GPU-2ed36c7e-fea2-01a9-2314-5efa95d5ce22,28.6%,15.44GB,4.30GB,9.03GB,72.1%,2022-04-07 16:26:02.347990
0.0,Quadro T1000,0.0%,3901.0MB,10.0MB,4096.0MB,56.0 °C,GPU-2ed36c7e-fea2-01a9-2314-5efa95d5ce22,5.2%,15.44GB,4.31GB,9.03GB,72.1%,2022-04-07 16:26:34.054409
0.0,Quadro T1000,0.0%,3901.0MB,10.0MB,4096.0MB,57.0 °C,GPU-2ed36c7e-fea2-01a9-2314-5efa95d5ce22,5.1%,15.44GB,4.31GB,9.03GB,72.1%,2022-04-07 16:27:05.772098
0.0,Quadro T1000,0.0%,3901.0MB,10.0MB,4096.0MB,58.0 °C,GPU-2ed36c7e-fea2-01a9-2314-5efa95d5ce22,0.0%,15.44GB,4.31GB,9.03GB,72.1%,2022-04-07 16:27:37.480764
0.0,Quadro T1000,0.0%,3901.0MB,10.0MB,4096.0MB,58.0 °C,GPU-2ed36c7e-fea2-01a9-2314-5efa95d5ce22,0.0%,15.44GB,4.31GB,9.03GB,72.1%,2022-04-07 16:28:09.228039
0.0,Quadro T1000,0.0%,3901.0MB,10.0MB,4096.0MB,58.0 °C,GPU-2ed36c7e-fea2-01a9-2314-5efa95d5ce22,5.1%,15.44GB,4.29GB,9.04GB,72.2%,2022-04-07 16:28:40.936588
0.0,Quadro T1000,0.0%,3901.0MB,10.0MB,4096.0MB,58.0 °C,GPU-2ed36c7e-fea2-01a9-2314-5efa95d5ce22,50.0%,15.44GB,4.28GB,9.05GB,72.2%,2022-04-07 16:29:12.679408
0.0,Quadro T1000,0.0%,3901.0MB,10.0MB,4096.0MB,56.0 °C,GPU-2ed36c7e-fea2-01a9-2314-5efa95d5ce22,5.0%,15.44GB,4.29GB,9.04GB,72.2%,2022-04-07 16:29:44.393982
0.0,Quadro T1000,0.0%,3901.0MB,10.0MB,4096.0MB,57.0 °C,GPU-2ed36c7e-fea2-01a9-2314-5efa95d5ce22,5.2%,15.44GB,4.29GB,9.05GB,72.2%,2022-04-07 16:30:16.139557
0.0,Quadro T1000,0.0%,3901.0MB,10.0MB,4096.0MB,57.0 °C,GPU-2ed36c7e-fea2-01a9-2314-5efa95d5ce22,5.2%,15.44GB,4.29GB,9.05GB,72.2%,2022-04-07 16:30:47.849438
0.0,Quadro T1000,0.0%,3901.0MB,10.0MB,4096.0MB,58.0 °C,GPU-2ed36c7e-fea2-01a9-2314-5efa95d5ce22,5.2%,15.44GB,4.28GB,9.06GB,72.3%,2022-04-07 16:31:19.595039
0.0,Quadro T1000,0.0%,3901.0MB,10.0MB,4096.0MB,58.0 °C,GPU-2ed36c7e-fea2-01a9-2314-5efa95d5ce22,5.2%,15.44GB,4.29GB,9.04GB,72.2%,2022-04-07 16:31:51.270900
0.0,Quadro T1000,0.0%,3901.0MB,10.0MB,4096.0MB,58.0 °C,GPU-2ed36c7e-fea2-01a9-2314-5efa95d5ce22,12.5%,15.44GB,4.29GB,9.04GB,72.2%,2022-04-07 16:32:23.029273
0.0,Quadro T1000,0.0%,3901.0MB,10.0MB,4096.0MB,57.0 °C,GPU-2ed36c7e-fea2-01a9-2314-5efa95d5ce22,0.0%,15.44GB,4.29GB,9.05GB,72.2%,2022-04-07 16:32:54.727091
0.0,Quadro T1000,0.0%,3901.0MB,10.0MB,4096.0MB,57.0 °C,GPU-2ed36c7e-fea2-01a9-2314-5efa95d5ce22,5.1%,15.44GB,4.29GB,9.05GB,72.2%,2022-04-07 16:33:26.446068
0.0,Quadro T1000,0.0%,3901.0MB,10.0MB,4096.0MB,58.0 °C,GPU-2ed36c7e-fea2-01a9-2314-5efa95d5ce22,0.0%,15.44GB,4.29GB,9.05GB,72.2%,2022-04-07 16:33:58.187120
0.0,Quadro T1000,0.0%,3901.0MB,10.0MB,4096.0MB,58.0 °C,GPU-2ed36c7e-fea2-01a9-2314-5efa95d5ce22,5.5%,15.44GB,4.26GB,9.08GB,72.4%,2022-04-07 16:34:29.927229
0.0,Quadro T1000,0.0%,3901.0MB,10.0MB,4096.0MB,58.0 °C,GPU-2ed36c7e-fea2-01a9-2314-5efa95d5ce22,5.0%,15.44GB,4.28GB,9.06GB,72.3%,2022-04-07 16:35:01.640867
0.0,Quadro T1000,0.0%,3901.0MB,10.0MB,4096.0MB,57.0 °C,GPU-2ed36c7e-fea2-01a9-2314-5efa95d5ce22,5.0%,15.44GB,4.28GB,9.06GB,72.3%,2022-04-07 16:35:33.350338
0.0,Quadro T1000,0.0%,3901.0MB,10.0MB,4096.0MB,56.0 °C,GPU-2ed36c7e-fea2-01a9-2314-5efa95d5ce22,12.5%,15.44GB,4.24GB,9.10GB,72.5%,2022-04-07 16:36:05.072514
0.0,Quadro T1000,0.0%,3901.0MB,10.0MB,4096.0MB,57.0 °C,GPU-2ed36c7e-fea2-01a9-2314-5efa95d5ce22,5.2%,15.44GB,4.25GB,9.09GB,72.5%,2022-04-07 16:36:36.773587
0.0,Quadro T1000,0.0%,3901.0MB,10.0MB,4096.0MB,58.0 °C,GPU-2ed36c7e-fea2-01a9-2314-5efa95d5ce22,5.2%,15.44GB,4.26GB,9.08GB,72.4%,2022-04-07 16:37:08.520420
0.0,Quadro T1000,0.0%,3901.0MB,10.0MB,4096.0MB,58.0 °C,GPU-2ed36c7e-fea2-01a9-2314-5efa95d5ce22,50.0%,15.44GB,4.25GB,9.08GB,72.5%,2022-04-07 16:37:40.270061
0.0,Quadro T1000,0.0%,3901.0MB,10.0MB,4096.0MB,58.0 °C,GPU-2ed36c7e-fea2-01a9-2314-5efa95d5ce22,5.1%,15.44GB,4.25GB,9.08GB,72.5%,2022-04-07 16:38:12.011098
0.0,Quadro T1000,0.0%,3901.0MB,10.0MB,4096.0MB,57.0 °C,GPU-2ed36c7e-fea2-01a9-2314-5efa95d5ce22,5.2%,15.44GB,4.24GB,9.10GB,72.5%,2022-04-07 16:38:43.750500
0.0,Quadro T1000,0.0%,3901.0MB,10.0MB,4096.0MB,57.0 °C,GPU-2ed36c7e-fea2-01a9-2314-5efa95d5ce22,5.2%,15.44GB,4.23GB,9.11GB,72.6%,2022-04-07 16:39:15.495302
0.0,Quadro T1000,0.0%,3901.0MB,10.0MB,4096.0MB,57.0 °C,GPU-2ed36c7e-fea2-01a9-2314-5efa95d5ce22,0.0%,15.44GB,4.24GB,9.10GB,72.5%,2022-04-07 16:39:47.241832
0.0,Quadro T1000,0.0%,3901.0MB,10.0MB,4096.0MB,58.0 °C,GPU-2ed36c7e-fea2-01a9-2314-5efa95d5ce22,5.1%,15.44GB,4.23GB,9.10GB,72.6%,2022-04-07 16:40:18.955112
0.0,Quadro T1000,0.0%,3901.0MB,10.0MB,4096.0MB,58.0 °C,GPU-2ed36c7e-fea2-01a9-2314-5efa95d5ce22,5.1%,15.44GB,4.25GB,9.08GB,72.5%,2022-04-07 16:40:50.663023
0.0,Quadro T1000,0.0%,3901.0MB,10.0MB,4096.0MB,58.0 °C,GPU-2ed36c7e-fea2-01a9-2314-5efa95d5ce22,5.0%,15.44GB,4.24GB,9.09GB,72.5%,2022-04-07 16:41:22.409914
0.0,Quadro T1000,0.0%,3901.0MB,10.0MB,4096.0MB,57.0 °C,GPU-2ed36c7e-fea2-01a9-2314-5efa95d5ce22,0.0%,15.44GB,4.24GB,9.10GB,72.5%,2022-04-07 16:41:54.153342
0.0,Quadro T1000,0.0%,3901.0MB,10.0MB,4096.0MB,56.0 °C,GPU-2ed36c7e-fea2-01a9-2314-5efa95d5ce22,0.0%,15.44GB,4.25GB,9.09GB,72.5%,2022-04-07 16:42:25.868029
0.0,Quadro T1000,0.0%,3901.0MB,10.0MB,4096.0MB,57.0 °C,GPU-2ed36c7e-fea2-01a9-2314-5efa95d5ce22,5.1%,15.44GB,4.24GB,9.10GB,72.5%,2022-04-07 16:42:57.611825
0.0,Quadro T1000,0.0%,3901.0MB,10.0MB,4096.0MB,58.0 °C,GPU-2ed36c7e-fea2-01a9-2314-5efa95d5ce22,4.9%,15.44GB,4.29GB,9.05GB,72.2%,2022-04-07 16:43:29.356191
0.0,Quadro T1000,0.0%,3901.0MB,10.0MB,4096.0MB,58.0 °C,GPU-2ed36c7e-fea2-01a9-2314-5efa95d5ce22,0.0%,15.44GB,4.27GB,9.06GB,72.3%,2022-04-07 16:44:01.096671
0.0,Quadro T1000,0.0%,3901.0MB,10.0MB,4096.0MB,58.0 °C,GPU-2ed36c7e-fea2-01a9-2314-5efa95d5ce22,5.0%,15.44GB,4.27GB,9.07GB,72.3%,2022-04-07 16:44:32.811574
0.0,Quadro T1000,0.0%,3901.0MB,10.0MB,4096.0MB,57.0 °C,GPU-2ed36c7e-fea2-01a9-2314-5efa95d5ce22,0.0%,15.44GB,4.28GB,9.06GB,72.3%,2022-04-07 16:45:04.525413
0.0,Quadro T1000,0.0%,3901.0MB,10.0MB,4096.0MB,57.0 °C,GPU-2ed36c7e-fea2-01a9-2314-5efa95d5ce22,5.0%,15.44GB,4.28GB,9.06GB,72.3%,2022-04-07 16:45:36.234648
0.0,Quadro T1000,0.0%,3901.0MB,10.0MB,4096.0MB,57.0 °C,GPU-2ed36c7e-fea2-01a9-2314-5efa95d5ce22,0.0%,15.44GB,4.28GB,9.06GB,72.3%,2022-04-07 16:46:07.978851
0.0,Quadro T1000,0.0%,3901.0MB,10.0MB,4096.0MB,58.0 °C,GPU-2ed36c7e-fea2-01a9-2314-5efa95d5ce22,5.2%,15.44GB,4.27GB,9.06GB,72.3%,2022-04-07 16:46:39.688037
0.0,Quadro T1000,0.0%,3901.0MB,10.0MB,4096.0MB,58.0 °C,GPU-2ed36c7e-fea2-01a9-2314-5efa95d5ce22,5.1%,15.44GB,4.27GB,9.06GB,72.3%,2022-04-07 16:47:11.431036
0.0,Quadro T1000,0.0%,3901.0MB,10.0MB,4096.0MB,57.0 °C,GPU-2ed36c7e-fea2-01a9-2314-5efa95d5ce22,0.0%,15.44GB,4.27GB,9.06GB,72.3%,2022-04-07 16:47:43.177144
0.0,Quadro T1000,0.0%,3901.0MB,10.0MB,4096.0MB,57.0 °C,GPU-2ed36c7e-fea2-01a9-2314-5efa95d5ce22,0.0%,15.44GB,4.28GB,9.06GB,72.3%,2022-04-07 16:48:14.922863
0.0,Quadro T1000,0.0%,3901.0MB,10.0MB,4096.0MB,58.0 °C,GPU-2ed36c7e-fea2-01a9-2314-5efa95d5ce22,5.2%,15.44GB,4.28GB,9.06GB,72.3%,2022-04-07 16:48:46.632993
0.0,Quadro T1000,0.0%,3901.0MB,10.0MB,4096.0MB,58.0 °C,GPU-2ed36c7e-fea2-01a9-2314-5efa95d5ce22,5.1%,15.44GB,4.26GB,9.08GB,72.4%,2022-04-07 16:49:18.342808
0.0,Quadro T1000,0.0%,3901.0MB,10.0MB,4096.0MB,57.0 °C,GPU-2ed36c7e-fea2-01a9-2314-5efa95d5ce22,20.0%,15.44GB,4.27GB,9.06GB,72.3%,2022-04-07 16:49:50.092013
0.0,Quadro T1000,0.0%,3901.0MB,10.0MB,4096.0MB,57.0 °C,GPU-2ed36c7e-fea2-01a9-2314-5efa95d5ce22,5.0%,15.44GB,4.27GB,9.07GB,72.3%,2022-04-07 16:50:21.800514
0.0,Quadro T1000,0.0%,3901.0MB,10.0MB,4096.0MB,57.0 °C,GPU-2ed36c7e-fea2-01a9-2314-5efa95d5ce22,0.0%,15.44GB,4.27GB,9.06GB,72.3%,2022-04-07 16:50:53.510371
0.0,Quadro T1000,0.0%,3901.0MB,10.0MB,4096.0MB,58.0 °C,GPU-2ed36c7e-fea2-01a9-2314-5efa95d5ce22,0.0%,15.44GB,4.27GB,9.06GB,72.3%,2022-04-07 16:51:25.224716
0.0,Quadro T1000,0.0%,3901.0MB,10.0MB,4096.0MB,58.0 °C,GPU-2ed36c7e-fea2-01a9-2314-5efa95d5ce22,0.0%,15.44GB,4.27GB,9.06GB,72.3%,2022-04-07 16:51:56.937935
0.0,Quadro T1000,0.0%,3901.0MB,10.0MB,4096.0MB,58.0 °C,GPU-2ed36c7e-fea2-01a9-2314-5efa95d5ce22,0.0%,15.44GB,4.26GB,9.07GB,72.4%,2022-04-07 16:52:28.680493
0.0,Quadro T1000,0.0%,3901.0MB,10.0MB,4096.0MB,56.0 °C,GPU-2ed36c7e-fea2-01a9-2314-5efa95d5ce22,5.4%,15.44GB,4.25GB,9.09GB,72.5%,2022-04-07 16:53:00.422392
0.0,Quadro T1000,0.0%,3901.0MB,10.0MB,4096.0MB,56.0 °C,GPU-2ed36c7e-fea2-01a9-2314-5efa95d5ce22,4.9%,15.44GB,4.26GB,9.07GB,72.4%,2022-04-07 16:53:32.135552
0.0,Quadro T1000,0.0%,3901.0MB,10.0MB,4096.0MB,57.0 °C,GPU-2ed36c7e-fea2-01a9-2314-5efa95d5ce22,5.2%,15.44GB,4.25GB,9.09GB,72.5%,2022-04-07 16:54:03.854069
0.0,Quadro T1000,0.0%,3901.0MB,10.0MB,4096.0MB,57.0 °C,GPU-2ed36c7e-fea2-01a9-2314-5efa95d5ce22,0.0%,15.44GB,4.24GB,9.09GB,72.5%,2022-04-07 16:54:35.559350
0.0,Quadro T1000,0.0%,3901.0MB,10.0MB,4096.0MB,58.0 °C,GPU-2ed36c7e-fea2-01a9-2314-5efa95d5ce22,0.0%,15.44GB,4.24GB,9.09GB,72.5%,2022-04-07 16:55:07.272376
0.0,Quadro T1000,0.0%,3901.0MB,10.0MB,4096.0MB,58.0 °C,GPU-2ed36c7e-fea2-01a9-2314-5efa95d5ce22,5.1%,15.44GB,4.25GB,9.09GB,72.5%,2022-04-07 16:55:39.015817
0.0,Quadro T1000,0.0%,3901.0MB,10.0MB,4096.0MB,57.0 °C,GPU-2ed36c7e-fea2-01a9-2314-5efa95d5ce22,0.0%,15.44GB,4.25GB,9.08GB,72.5%,2022-04-07 16:56:10.736113
0.0,Quadro T1000,0.0%,3901.0MB,10.0MB,4096.0MB,57.0 °C,GPU-2ed36c7e-fea2-01a9-2314-5efa95d5ce22,5.2%,15.44GB,4.25GB,9.09GB,72.5%,2022-04-07 16:56:42.470446
0.0,Quadro T1000,0.0%,3901.0MB,10.0MB,4096.0MB,58.0 °C,GPU-2ed36c7e-fea2-01a9-2314-5efa95d5ce22,0.0%,15.44GB,4.25GB,9.09GB,72.5%,2022-04-07 16:57:14.184396
0.0,Quadro T1000,0.0%,3901.0MB,10.0MB,4096.0MB,58.0 °C,GPU-2ed36c7e-fea2-01a9-2314-5efa95d5ce22,5.2%,15.44GB,4.25GB,9.09GB,72.5%,2022-04-07 16:57:45.863860
0.0,Quadro T1000,0.0%,3901.0MB,10.0MB,4096.0MB,58.0 °C,GPU-2ed36c7e-fea2-01a9-2314-5efa95d5ce22,5.2%,15.44GB,4.23GB,9.10GB,72.6%,2022-04-07 16:58:17.578663
0.0,Quadro T1000,0.0%,3901.0MB,10.0MB,4096.0MB,57.0 °C,GPU-2ed36c7e-fea2-01a9-2314-5efa95d5ce22,5.3%,15.44GB,4.23GB,9.11GB,72.6%,2022-04-07 16:58:49.319487
0.0,Quadro T1000,0.0%,3901.0MB,10.0MB,4096.0MB,56.0 °C,GPU-2ed36c7e-fea2-01a9-2314-5efa95d5ce22,5.3%,15.44GB,4.26GB,9.07GB,72.4%,2022-04-07 16:59:21.034106
0.0,Quadro T1000,0.0%,3901.0MB,10.0MB,4096.0MB,57.0 °C,GPU-2ed36c7e-fea2-01a9-2314-5efa95d5ce22,5.2%,15.44GB,4.29GB,9.05GB,72.2%,2022-04-07 16:59:52.779061
0.0,Quadro T1000,0.0%,3901.0MB,10.0MB,4096.0MB,58.0 °C,GPU-2ed36c7e-fea2-01a9-2314-5efa95d5ce22,5.0%,15.44GB,4.28GB,9.05GB,72.3%,2022-04-07 17:00:24.518278
0.0,Quadro T1000,0.0%,3901.0MB,10.0MB,4096.0MB,58.0 °C,GPU-2ed36c7e-fea2-01a9-2314-5efa95d5ce22,4.9%,15.44GB,4.29GB,9.05GB,72.2%,2022-04-07 17:00:56.231905
0.0,Quadro T1000,0.0%,3901.0MB,10.0MB,4096.0MB,58.0 °C,GPU-2ed36c7e-fea2-01a9-2314-5efa95d5ce22,5.1%,15.44GB,4.26GB,9.08GB,72.4%,2022-04-07 17:01:27.945913
0.0,Quadro T1000,0.0%,3901.0MB,10.0MB,4096.0MB,57.0 °C,GPU-2ed36c7e-fea2-01a9-2314-5efa95d5ce22,5.0%,15.44GB,4.27GB,9.06GB,72.3%,2022-04-07 17:01:59.691055
0.0,Quadro T1000,0.0%,3901.0MB,10.0MB,4096.0MB,58.0 °C,GPU-2ed36c7e-fea2-01a9-2314-5efa95d5ce22,5.0%,15.44GB,4.26GB,9.08GB,72.4%,2022-04-07 17:02:31.399981
0.0,Quadro T1000,0.0%,3901.0MB,10.0MB,4096.0MB,58.0 °C,GPU-2ed36c7e-fea2-01a9-2314-5efa95d5ce22,5.0%,15.44GB,4.28GB,9.06GB,72.3%,2022-04-07 17:03:03.111431
0.0,Quadro T1000,0.0%,3901.0MB,10.0MB,4096.0MB,58.0 °C,GPU-2ed36c7e-fea2-01a9-2314-5efa95d5ce22,0.0%,15.44GB,4.27GB,9.06GB,72.3%,2022-04-07 17:03:34.825706
0.0,Quadro T1000,0.0%,3901.0MB,10.0MB,4096.0MB,57.0 °C,GPU-2ed36c7e-fea2-01a9-2314-5efa95d5ce22,5.7%,15.44GB,4.26GB,9.08GB,72.4%,2022-04-07 17:04:06.565893
0.0,Quadro T1000,0.0%,3901.0MB,10.0MB,4096.0MB,56.0 °C,GPU-2ed36c7e-fea2-01a9-2314-5efa95d5ce22,0.0%,15.44GB,4.26GB,9.07GB,72.4%,2022-04-07 17:04:38.280688
0.0,Quadro T1000,0.0%,3901.0MB,10.0MB,4096.0MB,57.0 °C,GPU-2ed36c7e-fea2-01a9-2314-5efa95d5ce22,25.0%,15.44GB,4.26GB,9.07GB,72.4%,2022-04-07 17:05:09.993662
0.0,Quadro T1000,0.0%,3901.0MB,10.0MB,4096.0MB,57.0 °C,GPU-2ed36c7e-fea2-01a9-2314-5efa95d5ce22,5.3%,15.44GB,4.26GB,9.08GB,72.4%,2022-04-07 17:05:41.706132
0.0,Quadro T1000,0.0%,3901.0MB,10.0MB,4096.0MB,58.0 °C,GPU-2ed36c7e-fea2-01a9-2314-5efa95d5ce22,0.0%,15.44GB,4.24GB,9.09GB,72.5%,2022-04-07 17:06:13.454575
0.0,Quadro T1000,0.0%,3901.0MB,10.0MB,4096.0MB,58.0 °C,GPU-2ed36c7e-fea2-01a9-2314-5efa95d5ce22,11.1%,15.44GB,4.26GB,9.08GB,72.4%,2022-04-07 17:06:45.169689
0.0,Quadro T1000,0.0%,3901.0MB,10.0MB,4096.0MB,58.0 °C,GPU-2ed36c7e-fea2-01a9-2314-5efa95d5ce22,5.5%,15.44GB,4.26GB,9.08GB,72.4%,2022-04-07 17:07:16.868762
0.0,Quadro T1000,0.0%,3901.0MB,10.0MB,4096.0MB,58.0 °C,GPU-2ed36c7e-fea2-01a9-2314-5efa95d5ce22,5.3%,15.44GB,4.25GB,9.09GB,72.5%,2022-04-07 17:07:48.620763
0.0,Quadro T1000,0.0%,3901.0MB,10.0MB,4096.0MB,56.0 °C,GPU-2ed36c7e-fea2-01a9-2314-5efa95d5ce22,5.4%,15.44GB,4.25GB,9.08GB,72.5%,2022-04-07 17:08:20.361475
0.0,Quadro T1000,0.0%,3901.0MB,10.0MB,4096.0MB,57.0 °C,GPU-2ed36c7e-fea2-01a9-2314-5efa95d5ce22,5.5%,15.44GB,4.25GB,9.09GB,72.5%,2022-04-07 17:08:52.070757
0.0,Quadro T1000,0.0%,3901.0MB,10.0MB,4096.0MB,57.0 °C,GPU-2ed36c7e-fea2-01a9-2314-5efa95d5ce22,5.5%,15.44GB,4.23GB,9.10GB,72.6%,2022-04-07 17:09:23.782909
0.0,Quadro T1000,0.0%,3901.0MB,10.0MB,4096.0MB,58.0 °C,GPU-2ed36c7e-fea2-01a9-2314-5efa95d5ce22,0.0%,15.44GB,4.25GB,9.09GB,72.5%,2022-04-07 17:09:55.494545
0.0,Quadro T1000,0.0%,3901.0MB,10.0MB,4096.0MB,58.0 °C,GPU-2ed36c7e-fea2-01a9-2314-5efa95d5ce22,0.0%,15.44GB,4.24GB,9.10GB,72.6%,2022-04-07 17:10:27.203509
0.0,Quadro T1000,0.0%,3901.0MB,10.0MB,4096.0MB,58.0 °C,GPU-2ed36c7e-fea2-01a9-2314-5efa95d5ce22,5.3%,15.44GB,4.23GB,9.10GB,72.6%,2022-04-07 17:10:58.923330
0.0,Quadro T1000,0.0%,3901.0MB,10.0MB,4096.0MB,58.0 °C,GPU-2ed36c7e-fea2-01a9-2314-5efa95d5ce22,5.3%,15.44GB,4.23GB,9.11GB,72.6%,2022-04-07 17:11:30.663875
0.0,Quadro T1000,0.0%,3901.0MB,10.0MB,4096.0MB,57.0 °C,GPU-2ed36c7e-fea2-01a9-2314-5efa95d5ce22,0.0%,15.44GB,4.17GB,9.14GB,73.0%,2022-04-07 17:12:02.408708
0.0,Quadro T1000,0.0%,3901.0MB,10.0MB,4096.0MB,54.0 °C,GPU-2ed36c7e-fea2-01a9-2314-5efa95d5ce22,0.0%,15.44GB,4.15GB,9.15GB,73.1%,2022-04-07 17:12:34.153043
0.0,Quadro T1000,0.0%,3901.0MB,10.0MB,4096.0MB,54.0 °C,GPU-2ed36c7e-fea2-01a9-2314-5efa95d5ce22,10.6%,15.44GB,4.15GB,9.15GB,73.1%,2022-04-07 17:13:05.865719
0.0,Quadro T1000,0.0%,3901.0MB,10.0MB,4096.0MB,52.0 °C,GPU-2ed36c7e-fea2-01a9-2314-5efa95d5ce22,8.2%,15.44GB,4.13GB,9.17GB,73.3%,2022-04-07 17:13:37.610671
0.0,Quadro T1000,0.0%,3901.0MB,10.0MB,4096.0MB,54.0 °C,GPU-2ed36c7e-fea2-01a9-2314-5efa95d5ce22,12.1%,15.44GB,4.04GB,9.30GB,73.8%,2022-04-07 17:14:09.319929
0.0,Quadro T1000,0.0%,3901.0MB,10.0MB,4096.0MB,56.0 °C,GPU-2ed36c7e-fea2-01a9-2314-5efa95d5ce22,0.0%,15.44GB,4.09GB,9.26GB,73.5%,2022-04-07 17:14:41.061829
0.0,Quadro T1000,0.0%,3901.0MB,10.0MB,4096.0MB,55.0 °C,GPU-2ed36c7e-fea2-01a9-2314-5efa95d5ce22,0.0%,15.44GB,4.06GB,9.27GB,73.7%,2022-04-07 17:15:12.812312
0.0,Quadro T1000,0.0%,3901.0MB,10.0MB,4096.0MB,56.0 °C,GPU-2ed36c7e-fea2-01a9-2314-5efa95d5ce22,0.0%,15.44GB,4.04GB,9.29GB,73.8%,2022-04-07 17:15:44.557871
0.0,Quadro T1000,0.0%,3901.0MB,10.0MB,4096.0MB,58.0 °C,GPU-2ed36c7e-fea2-01a9-2314-5efa95d5ce22,12.5%,15.44GB,4.07GB,9.30GB,73.7%,2022-04-07 17:16:16.296443
0.0,Quadro T1000,0.0%,3901.0MB,10.0MB,4096.0MB,54.0 °C,GPU-2ed36c7e-fea2-01a9-2314-5efa95d5ce22,13.1%,15.44GB,3.86GB,9.48GB,75.0%,2022-04-07 17:16:48.040760
0.0,Quadro T1000,0.0%,3901.0MB,10.0MB,4096.0MB,55.0 °C,GPU-2ed36c7e-fea2-01a9-2314-5efa95d5ce22,10.9%,15.44GB,3.87GB,9.45GB,74.9%,2022-04-07 17:17:19.787989
0.0,Quadro T1000,0.0%,3901.0MB,10.0MB,4096.0MB,56.0 °C,GPU-2ed36c7e-fea2-01a9-2314-5efa95d5ce22,10.1%,15.44GB,3.88GB,9.44GB,74.9%,2022-04-07 17:17:51.530146
0.0,Quadro T1000,0.0%,3901.0MB,10.0MB,4096.0MB,55.0 °C,GPU-2ed36c7e-fea2-01a9-2314-5efa95d5ce22,8.1%,15.44GB,3.90GB,9.43GB,74.7%,2022-04-07 17:18:23.239088
0.0,Quadro T1000,0.0%,3901.0MB,10.0MB,4096.0MB,53.0 °C,GPU-2ed36c7e-fea2-01a9-2314-5efa95d5ce22,7.8%,15.44GB,3.89GB,9.42GB,74.8%,2022-04-07 17:18:54.956290
0.0,Quadro T1000,0.0%,3901.0MB,10.0MB,4096.0MB,53.0 °C,GPU-2ed36c7e-fea2-01a9-2314-5efa95d5ce22,7.8%,15.44GB,3.89GB,9.42GB,74.8%,2022-04-07 17:18:54.956157
0.0,Quadro T1000,0.0%,3901.0MB,10.0MB,4096.0MB,52.0 °C,GPU-2ed36c7e-fea2-01a9-2314-5efa95d5ce22,9.2%,15.44GB,4.94GB,8.52GB,68.0%,2022-04-07 17:39:38.051499
0.0,Quadro T1000,0.0%,3901.0MB,10.0MB,4096.0MB,53.0 °C,GPU-2ed36c7e-fea2-01a9-2314-5efa95d5ce22,10.3%,15.44GB,5.03GB,8.42GB,67.4%,2022-04-07 17:44:17.834956
0.0,Quadro T1000,0.0%,3901.0MB,10.0MB,4096.0MB,54.0 °C,GPU-2ed36c7e-fea2-01a9-2314-5efa95d5ce22,8.0%,15.44GB,4.97GB,8.51GB,67.8%,2022-04-07 17:44:49.611262
0.0,Quadro T1000,0.0%,3901.0MB,10.0MB,4096.0MB,55.0 °C,GPU-2ed36c7e-fea2-01a9-2314-5efa95d5ce22,7.9%,15.44GB,4.94GB,8.53GB,68.0%,2022-04-07 17:45:21.351079
0.0,Quadro T1000,0.0%,3901.0MB,10.0MB,4096.0MB,57.0 °C,GPU-2ed36c7e-fea2-01a9-2314-5efa95d5ce22,8.2%,15.44GB,4.86GB,8.57GB,68.5%,2022-04-07 17:45:53.068533
0.0,Quadro T1000,0.0%,3901.0MB,10.0MB,4096.0MB,56.0 °C,GPU-2ed36c7e-fea2-01a9-2314-5efa95d5ce22,11.4%,15.44GB,4.76GB,8.70GB,69.2%,2022-04-07 17:46:24.816198
0.0,Quadro T1000,0.0%,3901.0MB,10.0MB,4096.0MB,57.0 °C,GPU-2ed36c7e-fea2-01a9-2314-5efa95d5ce22,9.1%,15.44GB,4.64GB,8.82GB,69.9%,2022-04-07 17:46:56.527591
0.0,Quadro T1000,0.0%,3901.0MB,10.0MB,4096.0MB,57.0 °C,GPU-2ed36c7e-fea2-01a9-2314-5efa95d5ce22,10.2%,15.44GB,4.63GB,8.80GB,70.0%,2022-04-07 17:47:28.237054
0.0,Quadro T1000,0.0%,3901.0MB,10.0MB,4096.0MB,56.0 °C,GPU-2ed36c7e-fea2-01a9-2314-5efa95d5ce22,8.5%,15.44GB,4.95GB,8.48GB,67.9%,2022-04-07 17:47:59.971876
0.0,Quadro T1000,0.0%,3901.0MB,10.0MB,4096.0MB,58.0 °C,GPU-2ed36c7e-fea2-01a9-2314-5efa95d5ce22,10.6%,15.44GB,4.98GB,8.48GB,67.7%,2022-04-07 17:48:31.691184
0.0,Quadro T1000,0.0%,3901.0MB,10.0MB,4096.0MB,57.0 °C,GPU-2ed36c7e-fea2-01a9-2314-5efa95d5ce22,12.9%,15.44GB,4.58GB,8.86GB,70.3%,2022-04-07 17:49:03.397329
0.0,Quadro T1000,0.0%,3901.0MB,10.0MB,4096.0MB,53.0 °C,GPU-2ed36c7e-fea2-01a9-2314-5efa95d5ce22,27.4%,15.44GB,3.82GB,9.58GB,75.2%,2022-04-07 17:49:35.120163
0.0,Quadro T1000,0.0%,3901.0MB,10.0MB,4096.0MB,53.0 °C,GPU-2ed36c7e-fea2-01a9-2314-5efa95d5ce22,23.0%,15.44GB,4.00GB,9.41GB,74.1%,2022-04-07 17:50:06.829517
0.0,Quadro T1000,0.0%,3901.0MB,10.0MB,4096.0MB,54.0 °C,GPU-2ed36c7e-fea2-01a9-2314-5efa95d5ce22,17.9%,15.44GB,4.19GB,9.24GB,72.9%,2022-04-07 17:50:38.538180
0.0,Quadro T1000,0.0%,3901.0MB,10.0MB,4096.0MB,52.0 °C,GPU-2ed36c7e-fea2-01a9-2314-5efa95d5ce22,15.6%,15.44GB,4.80GB,8.69GB,68.9%,2022-04-07 17:51:10.246113
0.0,Quadro T1000,0.0%,3901.0MB,10.0MB,4096.0MB,53.0 °C,GPU-2ed36c7e-fea2-01a9-2314-5efa95d5ce22,5.6%,15.44GB,4.90GB,8.60GB,68.3%,2022-04-07 17:51:41.962067
0.0,Quadro T1000,0.0%,3901.0MB,10.0MB,4096.0MB,56.0 °C,GPU-2ed36c7e-fea2-01a9-2314-5efa95d5ce22,11.2%,15.44GB,4.90GB,8.60GB,68.3%,2022-04-07 17:52:13.698740
0.0,Quadro T1000,0.0%,3901.0MB,10.0MB,4096.0MB,57.0 °C,GPU-2ed36c7e-fea2-01a9-2314-5efa95d5ce22,9.4%,15.44GB,4.88GB,8.61GB,68.4%,2022-04-07 17:52:45.417989
0.0,Quadro T1000,0.0%,3901.0MB,10.0MB,4096.0MB,57.0 °C,GPU-2ed36c7e-fea2-01a9-2314-5efa95d5ce22,8.5%,15.44GB,4.91GB,8.59GB,68.2%,2022-04-07 17:53:17.124385
0.0,Quadro T1000,0.0%,3901.0MB,10.0MB,4096.0MB,54.0 °C,GPU-2ed36c7e-fea2-01a9-2314-5efa95d5ce22,7.7%,15.44GB,4.93GB,8.58GB,68.1%,2022-04-07 17:53:48.831573
0.0,Quadro T1000,0.0%,3901.0MB,10.0MB,4096.0MB,56.0 °C,GPU-2ed36c7e-fea2-01a9-2314-5efa95d5ce22,9.7%,15.44GB,5.00GB,8.55GB,67.6%,2022-04-07 17:54:20.548572
0.0,Quadro T1000,0.0%,3901.0MB,10.0MB,4096.0MB,55.0 °C,GPU-2ed36c7e-fea2-01a9-2314-5efa95d5ce22,11.1%,15.44GB,5.03GB,8.52GB,67.4%,2022-04-07 17:54:52.266709
0.0,Quadro T1000,0.0%,3901.0MB,10.0MB,4096.0MB,56.0 °C,GPU-2ed36c7e-fea2-01a9-2314-5efa95d5ce22,9.5%,15.44GB,4.98GB,8.57GB,67.7%,2022-04-07 17:55:24.010655
0.0,Quadro T1000,0.0%,3901.0MB,10.0MB,4096.0MB,57.0 °C,GPU-2ed36c7e-fea2-01a9-2314-5efa95d5ce22,9.8%,15.44GB,4.91GB,8.61GB,68.2%,2022-04-07 17:55:55.756862
0.0,Quadro T1000,0.0%,3901.0MB,10.0MB,4096.0MB,58.0 °C,GPU-2ed36c7e-fea2-01a9-2314-5efa95d5ce22,8.4%,15.44GB,4.85GB,8.67GB,68.6%,2022-04-07 17:56:27.463495